0,R,9988.45,K16,01,00:00:33,U,4.5517707,I,0.0004557
1,R,5001.31,K32,01,00:00:44,U,4.0700464,I,0.0008138
2,R,2002.13,K48,01,00:00:53,U,3.0975664,I,0.0015471
3,R,1001.09,K64,01,00:01:02,U,2.2192359,I,0.0022168
4,R,500.45,K80,01,00:01:10,U,1.4134085,I,0.0028243
5,R,200.39,K96,01,00:01:20,U,0.6775826,I,0.0033813
6,R,100.22,K112,01,00:01:30,U,0.3625691,I,0.0036176
7,R,10.00,K128,01,00:01:39,U,0.0386268,I,0.0038615
8,R,1.00,K144,01,00:01:46,U,0.0038898,I,0.0038860
9,R,0.10,K145,01,00:01:56,U,0.0003934,I,0.0038865
10,R,0.01,K145,01,00:02:04,U,0.0000429,I,0.0038388
11,R,5006.17,K16,01,00:02:17,U,2.2764850,I,0.0004547
12,R,2006.51,K16,01,00:02:27,U,0.9116185,I,0.0004543
13,R,999.38,K16,01,00:02:36,U,0.4540145,I,0.0004543
14,R,500.27,K16,01,00:02:45,U,0.2273118,I,0.0004544
15,R,500.26,K16,01,00:02:52,U,0.2273130,I,0.0004544
16,R,200.03,K16,01,00:03:01,U,0.0908744,I,0.0004543
17,R,100.32,K16,01,00:03:12,U,0.0455803,I,0.0004543
18,R,9.99,K16,01,00:03:20,U,0.0045401,I,0.0004543
19,R,0.99,K16,01,00:03:28,U,0.0004494,I,0.0004541
20,R,0.09,K17,01,00:03:39,U,0.0000405,I,0.0004483
21,R,0.01,K17,01,00:03:49,U,0.0000030,I,0.0004454
22,R,0.10,K65,01,00:04:00,U,0.0002241,I,0.0022153
23,R,NAN,K255,FF,FF:FF:FF,U,NAN,I,NAN
24,R,NAN,K255,FF,FF:FF:FF,U,NAN,I,NAN
25,R,NAN,K255,FF,FF:FF:FF,U,NAN,I,NAN
26,R,NAN,K255,FF,FF:FF:FF,U,NAN,I,NAN
27,R,NAN,K255,FF,FF:FF:FF,U,NAN,I,NAN
28,R,NAN,K255,FF,FF:FF:FF,U,NAN,I,NAN
29,R,NAN,K255,FF,FF:FF:FF,U,NAN,I,NAN
30,R,NAN,K255,FF,FF:FF:FF,U,NAN,I,NAN
31,R,NAN,K255,FF,FF:FF:FF,U,NAN,I,NAN
32,R,NAN,K255,FF,FF:FF:FF,U,NAN,I,NAN
33,R,NAN,K255,FF,FF:FF:FF,U,NAN,I,NAN
34,R,NAN,K255,FF,FF:FF:FF,U,NAN,I,NAN
35,R,NAN,K255,FF,FF:FF:FF,U,NAN,I,NAN
36,R,NAN,K255,FF,FF:FF:FF,U,NAN,I,NAN
37,R,NAN,K255,FF,FF:FF:FF,U,NAN,I,NAN
38,R,NAN,K255,FF,FF:FF:FF,U,NAN,I,NAN
39,R,NAN,K255,FF,FF:FF:FF,U,NAN,I,NAN
40,R,NAN,K255,FF,FF:FF:FF,U,NAN,I,NAN
41,R,NAN,K255,FF,FF:FF:FF,U,NAN,I,NAN
42,R,NAN,K255,FF,FF:FF:FF,U,NAN,I,NAN
43,R,NAN,K255,FF,FF:FF:FF,U,NAN,I,NAN
44,R,NAN,K255,FF,FF:FF:FF,U,NAN,I,NAN
45,R,NAN,K255,FF,FF:FF:FF,U,NAN,I,NAN
46,R,NAN,K255,FF,FF:FF:FF,U,NAN,I,NAN
47,R,NAN,K255,FF,FF:FF:FF,U,NAN,I,NAN
48,R,NAN,K255,FF,FF:FF:FF,U,NAN,I,NAN
49,R,NAN,K255,FF,FF:FF:FF,U,NAN,I,NAN
50,R,NAN,K255,FF,FF:FF:FF,U,NAN,I,NAN
51,R,NAN,K255,FF,FF:FF:FF,U,NAN,I,NAN
52,R,NAN,K255,FF,FF:FF:FF,U,NAN,I,NAN
53,R,NAN,K255,FF,FF:FF:FF,U,NAN,I,NAN
54,R,NAN,K255,FF,FF:FF:FF,U,NAN,I,NAN
55,R,NAN,K255,FF,FF:FF:FF,U,NAN,I,NAN
56,R,NAN,K255,FF,FF:FF:FF,U,NAN,I,NAN
57,R,NAN,K255,FF,FF:FF:FF,U,NAN,I,NAN
58,R,NAN,K255,FF,FF:FF:FF,U,NAN,I,NAN
59,R,NAN,K255,FF,FF:FF:FF,U,NAN,I,NAN
60,R,NAN,K255,FF,FF:FF:FF,U,NAN,I,NAN
61,R,NAN,K255,FF,FF:FF:FF,U,NAN,I,NAN
62,R,NAN,K255,FF,FF:FF:FF,U,NAN,I,NAN
63,R,NAN,K255,FF,FF:FF:FF,U,NAN,I,NAN
64,R,NAN,K255,FF,FF:FF:FF,U,NAN,I,NAN
65,R,NAN,K255,FF,FF:FF:FF,U,NAN,I,NAN
66,R,NAN,K255,FF,FF:FF:FF,U,NAN,I,NAN
67,R,NAN,K255,FF,FF:FF:FF,U,NAN,I,NAN
68,R,NAN,K255,FF,FF:FF:FF,U,NAN,I,NAN
69,R,NAN,K255,FF,FF:FF:FF,U,NAN,I,NAN
70,R,NAN,K255,FF,FF:FF:FF,U,NAN,I,NAN
71,R,NAN,K255,FF,FF:FF:FF,U,NAN,I,NAN
72,R,NAN,K255,FF,FF:FF:FF,U,NAN,I,NAN
73,R,NAN,K255,FF,FF:FF:FF,U,NAN,I,NAN
74,R,NAN,K255,FF,FF:FF:FF,U,NAN,I,NAN
75,R,NAN,K255,FF,FF:FF:FF,U,NAN,I,NAN
76,R,NAN,K255,FF,FF:FF:FF,U,NAN,I,NAN
77,R,NAN,K255,FF,FF:FF:FF,U,NAN,I,NAN
78,R,NAN,K255,FF,FF:FF:FF,U,NAN,I,NAN
79,R,NAN,K255,FF,FF:FF:FF,U,NAN,I,NAN
80,R,NAN,K255,FF,FF:FF:FF,U,NAN,I,NAN
81,R,NAN,K255,FF,FF:FF:FF,U,NAN,I,NAN
82,R,NAN,K255,FF,FF:FF:FF,U,NAN,I,NAN
83,R,NAN,K255,FF,FF:FF:FF,U,NAN,I,NAN
84,R,NAN,K255,FF,FF:FF:FF,U,NAN,I,NAN
85,R,NAN,K255,FF,FF:FF:FF,U,NAN,I,NAN
86,R,NAN,K255,FF,FF:FF:FF,U,NAN,I,NAN
87,R,NAN,K255,FF,FF:FF:FF,U,NAN,I,NAN
88,R,NAN,K255,FF,FF:FF:FF,U,NAN,I,NAN
89,R,NAN,K255,FF,FF:FF:FF,U,NAN,I,NAN
90,R,NAN,K255,FF,FF:FF:FF,U,NAN,I,NAN
91,R,NAN,K255,FF,FF:FF:FF,U,NAN,I,NAN
92,R,NAN,K255,FF,FF:FF:FF,U,NAN,I,NAN
93,R,NAN,K255,FF,FF:FF:FF,U,NAN,I,NAN
94,R,NAN,K255,FF,FF:FF:FF,U,NAN,I,NAN
95,R,NAN,K255,FF,FF:FF:FF,U,NAN,I,NAN
96,R,NAN,K255,FF,FF:FF:FF,U,NAN,I,NAN
97,R,NAN,K255,FF,FF:FF:FF,U,NAN,I,NAN
98,R,NAN,K255,FF,FF:FF:FF,U,NAN,I,NAN
99,R,NAN,K255,FF,FF:FF:FF,U,NAN,I,NAN
100,R,NAN,K255,FF,FF:FF:FF,U,NAN,I,NAN
101,R,NAN,K255,FF,FF:FF:FF,U,NAN,I,NAN
102,R,NAN,K255,FF,FF:FF:FF,U,NAN,I,NAN
103,R,NAN,K255,FF,FF:FF:FF,U,NAN,I,NAN
104,R,NAN,K255,FF,FF:FF:FF,U,NAN,I,NAN
105,R,NAN,K255,FF,FF:FF:FF,U,NAN,I,NAN
106,R,NAN,K255,FF,FF:FF:FF,U,NAN,I,NAN
107,R,NAN,K255,FF,FF:FF:FF,U,NAN,I,NAN
108,R,NAN,K255,FF,FF:FF:FF,U,NAN,I,NAN
109,R,NAN,K255,FF,FF:FF:FF,U,NAN,I,NAN
110,R,NAN,K255,FF,FF:FF:FF,U,NAN,I,NAN
111,R,NAN,K255,FF,FF:FF:FF,U,NAN,I,NAN
112,R,NAN,K255,FF,FF:FF:FF,U,NAN,I,NAN
113,R,NAN,K255,FF,FF:FF:FF,U,NAN,I,NAN
114,R,NAN,K255,FF,FF:FF:FF,U,NAN,I,NAN
115,R,NAN,K255,FF,FF:FF:FF,U,NAN,I,NAN
116,R,NAN,K255,FF,FF:FF:FF,U,NAN,I,NAN
117,R,NAN,K255,FF,FF:FF:FF,U,NAN,I,NAN
118,R,NAN,K255,FF,FF:FF:FF,U,NAN,I,NAN
119,R,NAN,K255,FF,FF:FF:FF,U,NAN,I,NAN
120,R,NAN,K255,FF,FF:FF:FF,U,NAN,I,NAN
121,R,NAN,K255,FF,FF:FF:FF,U,NAN,I,NAN
122,R,NAN,K255,FF,FF:FF:FF,U,NAN,I,NAN
123,R,NAN,K255,FF,FF:FF:FF,U,NAN,I,NAN
124,R,NAN,K255,FF,FF:FF:FF,U,NAN,I,NAN
125,R,NAN,K255,FF,FF:FF:FF,U,NAN,I,NAN
126,R,NAN,K255,FF,FF:FF:FF,U,NAN,I,NAN
127,R,NAN,K255,FF,FF:FF:FF,U,NAN,I,NAN
128,R,NAN,K255,FF,FF:FF:FF,U,NAN,I,NAN
129,R,NAN,K255,FF,FF:FF:FF,U,NAN,I,NAN
130,R,NAN,K255,FF,FF:FF:FF,U,NAN,I,NAN
131,R,NAN,K255,FF,FF:FF:FF,U,NAN,I,NAN
132,R,NAN,K255,FF,FF:FF:FF,U,NAN,I,NAN
133,R,NAN,K255,FF,FF:FF:FF,U,NAN,I,NAN
134,R,NAN,K255,FF,FF:FF:FF,U,NAN,I,NAN
135,R,NAN,K255,FF,FF:FF:FF,U,NAN,I,NAN
136,R,NAN,K255,FF,FF:FF:FF,U,NAN,I,NAN
137,R,NAN,K255,FF,FF:FF:FF,U,NAN,I,NAN
138,R,NAN,K255,FF,FF:FF:FF,U,NAN,I,NAN
139,R,NAN,K255,FF,FF:FF:FF,U,NAN,I,NAN
140,R,NAN,K255,FF,FF:FF:FF,U,NAN,I,NAN
141,R,NAN,K255,FF,FF:FF:FF,U,NAN,I,NAN
142,R,NAN,K255,FF,FF:FF:FF,U,NAN,I,NAN
143,R,NAN,K255,FF,FF:FF:FF,U,NAN,I,NAN
144,R,NAN,K255,FF,FF:FF:FF,U,NAN,I,NAN
145,R,NAN,K255,FF,FF:FF:FF,U,NAN,I,NAN
146,R,NAN,K255,FF,FF:FF:FF,U,NAN,I,NAN
147,R,NAN,K255,FF,FF:FF:FF,U,NAN,I,NAN
148,R,NAN,K255,FF,FF:FF:FF,U,NAN,I,NAN
149,R,NAN,K255,FF,FF:FF:FF,U,NAN,I,NAN
150,R,NAN,K255,FF,FF:FF:FF,U,NAN,I,NAN
151,R,NAN,K255,FF,FF:FF:FF,U,NAN,I,NAN
152,R,NAN,K255,FF,FF:FF:FF,U,NAN,I,NAN
153,R,NAN,K255,FF,FF:FF:FF,U,NAN,I,NAN
154,R,NAN,K255,FF,FF:FF:FF,U,NAN,I,NAN
155,R,NAN,K255,FF,FF:FF:FF,U,NAN,I,NAN
156,R,NAN,K255,FF,FF:FF:FF,U,NAN,I,NAN
157,R,NAN,K255,FF,FF:FF:FF,U,NAN,I,NAN
158,R,NAN,K255,FF,FF:FF:FF,U,NAN,I,NAN
159,R,NAN,K255,FF,FF:FF:FF,U,NAN,I,NAN
160,R,NAN,K255,FF,FF:FF:FF,U,NAN,I,NAN
161,R,NAN,K255,FF,FF:FF:FF,U,NAN,I,NAN
162,R,NAN,K255,FF,FF:FF:FF,U,NAN,I,NAN
163,R,NAN,K255,FF,FF:FF:FF,U,NAN,I,NAN
164,R,NAN,K255,FF,FF:FF:FF,U,NAN,I,NAN
165,R,NAN,K255,FF,FF:FF:FF,U,NAN,I,NAN
166,R,NAN,K255,FF,FF:FF:FF,U,NAN,I,NAN
167,R,NAN,K255,FF,FF:FF:FF,U,NAN,I,NAN
168,R,NAN,K255,FF,FF:FF:FF,U,NAN,I,NAN
169,R,NAN,K255,FF,FF:FF:FF,U,NAN,I,NAN
170,R,NAN,K255,FF,FF:FF:FF,U,NAN,I,NAN
171,R,NAN,K255,FF,FF:FF:FF,U,NAN,I,NAN
172,R,NAN,K255,FF,FF:FF:FF,U,NAN,I,NAN
173,R,NAN,K255,FF,FF:FF:FF,U,NAN,I,NAN
174,R,NAN,K255,FF,FF:FF:FF,U,NAN,I,NAN
175,R,NAN,K255,FF,FF:FF:FF,U,NAN,I,NAN
176,R,NAN,K255,FF,FF:FF:FF,U,NAN,I,NAN
177,R,NAN,K255,FF,FF:FF:FF,U,NAN,I,NAN
178,R,NAN,K255,FF,FF:FF:FF,U,NAN,I,NAN
179,R,NAN,K255,FF,FF:FF:FF,U,NAN,I,NAN
180,R,NAN,K255,FF,FF:FF:FF,U,NAN,I,NAN
181,R,NAN,K255,FF,FF:FF:FF,U,NAN,I,NAN
182,R,NAN,K255,FF,FF:FF:FF,U,NAN,I,NAN
183,R,NAN,K255,FF,FF:FF:FF,U,NAN,I,NAN
184,R,NAN,K255,FF,FF:FF:FF,U,NAN,I,NAN
185,R,NAN,K255,FF,FF:FF:FF,U,NAN,I,NAN
186,R,NAN,K255,FF,FF:FF:FF,U,NAN,I,NAN
187,R,NAN,K255,FF,FF:FF:FF,U,NAN,I,NAN
188,R,NAN,K255,FF,FF:FF:FF,U,NAN,I,NAN
189,R,NAN,K255,FF,FF:FF:FF,U,NAN,I,NAN
190,R,NAN,K255,FF,FF:FF:FF,U,NAN,I,NAN
191,R,NAN,K255,FF,FF:FF:FF,U,NAN,I,NAN
192,R,NAN,K255,FF,FF:FF:FF,U,NAN,I,NAN
193,R,NAN,K255,FF,FF:FF:FF,U,NAN,I,NAN
194,R,NAN,K255,FF,FF:FF:FF,U,NAN,I,NAN
195,R,NAN,K255,FF,FF:FF:FF,U,NAN,I,NAN
196,R,NAN,K255,FF,FF:FF:FF,U,NAN,I,NAN
197,R,NAN,K255,FF,FF:FF:FF,U,NAN,I,NAN
198,R,NAN,K255,FF,FF:FF:FF,U,NAN,I,NAN
199,R,NAN,K255,FF,FF:FF:FF,U,NAN,I,NAN
200,R,NAN,K255,FF,FF:FF:FF,U,NAN,I,NAN
201,R,NAN,K255,FF,FF:FF:FF,U,NAN,I,NAN
202,R,NAN,K255,FF,FF:FF:FF,U,NAN,I,NAN
203,R,NAN,K255,FF,FF:FF:FF,U,NAN,I,NAN
204,R,NAN,K255,FF,FF:FF:FF,U,NAN,I,NAN
205,R,NAN,K255,FF,FF:FF:FF,U,NAN,I,NAN
206,R,NAN,K255,FF,FF:FF:FF,U,NAN,I,NAN
207,R,NAN,K255,FF,FF:FF:FF,U,NAN,I,NAN
208,R,NAN,K255,FF,FF:FF:FF,U,NAN,I,NAN
209,R,NAN,K255,FF,FF:FF:FF,U,NAN,I,NAN
210,R,NAN,K255,FF,FF:FF:FF,U,NAN,I,NAN
211,R,NAN,K255,FF,FF:FF:FF,U,NAN,I,NAN
212,R,NAN,K255,FF,FF:FF:FF,U,NAN,I,NAN
213,R,NAN,K255,FF,FF:FF:FF,U,NAN,I,NAN
214,R,NAN,K255,FF,FF:FF:FF,U,NAN,I,NAN
215,R,NAN,K255,FF,FF:FF:FF,U,NAN,I,NAN
216,R,NAN,K255,FF,FF:FF:FF,U,NAN,I,NAN
217,R,NAN,K255,FF,FF:FF:FF,U,NAN,I,NAN
218,R,NAN,K255,FF,FF:FF:FF,U,NAN,I,NAN
219,R,NAN,K255,FF,FF:FF:FF,U,NAN,I,NAN
220,R,NAN,K255,FF,FF:FF:FF,U,NAN,I,NAN
221,R,NAN,K255,FF,FF:FF:FF,U,NAN,I,NAN
222,R,NAN,K255,FF,FF:FF:FF,U,NAN,I,NAN
223,R,NAN,K255,FF,FF:FF:FF,U,NAN,I,NAN
224,R,NAN,K255,FF,FF:FF:FF,U,NAN,I,NAN
225,R,NAN,K255,FF,FF:FF:FF,U,NAN,I,NAN
226,R,NAN,K255,FF,FF:FF:FF,U,NAN,I,NAN
227,R,NAN,K255,FF,FF:FF:FF,U,NAN,I,NAN
228,R,NAN,K255,FF,FF:FF:FF,U,NAN,I,NAN
229,R,NAN,K255,FF,FF:FF:FF,U,NAN,I,NAN
230,R,NAN,K255,FF,FF:FF:FF,U,NAN,I,NAN
231,R,NAN,K255,FF,FF:FF:FF,U,NAN,I,NAN
232,R,NAN,K255,FF,FF:FF:FF,U,NAN,I,NAN
233,R,NAN,K255,FF,FF:FF:FF,U,NAN,I,NAN
234,R,NAN,K255,FF,FF:FF:FF,U,NAN,I,NAN
235,R,NAN,K255,FF,FF:FF:FF,U,NAN,I,NAN
236,R,NAN,K255,FF,FF:FF:FF,U,NAN,I,NAN
237,R,NAN,K255,FF,FF:FF:FF,U,NAN,I,NAN
238,R,NAN,K255,FF,FF:FF:FF,U,NAN,I,NAN
239,R,NAN,K255,FF,FF:FF:FF,U,NAN,I,NAN
240,R,NAN,K255,FF,FF:FF:FF,U,NAN,I,NAN
241,R,NAN,K255,FF,FF:FF:FF,U,NAN,I,NAN
242,R,NAN,K255,FF,FF:FF:FF,U,NAN,I,NAN
243,R,NAN,K255,FF,FF:FF:FF,U,NAN,I,NAN
244,R,NAN,K255,FF,FF:FF:FF,U,NAN,I,NAN
245,R,NAN,K255,FF,FF:FF:FF,U,NAN,I,NAN
246,R,NAN,K255,FF,FF:FF:FF,U,NAN,I,NAN
247,R,NAN,K255,FF,FF:FF:FF,U,NAN,I,NAN
248,R,NAN,K255,FF,FF:FF:FF,U,NAN,I,NAN
249,R,NAN,K255,FF,FF:FF:FF,U,NAN,I,NAN
250,R,NAN,K255,FF,FF:FF:FF,U,NAN,I,NAN
251,R,NAN,K255,FF,FF:FF:FF,U,NAN,I,NAN
252,R,NAN,K255,FF,FF:FF:FF,U,NAN,I,NAN
253,R,NAN,K255,FF,FF:FF:FF,U,NAN,I,NAN
254,R,NAN,K255,FF,FF:FF:FF,U,NAN,I,NAN
255,R,NAN,K255,FF,FF:FF:FF,U,NAN,I,NAN
256,R,NAN,K255,FF,FF:FF:FF,U,NAN,I,NAN
257,R,NAN,K255,FF,FF:FF:FF,U,NAN,I,NAN
258,R,NAN,K255,FF,FF:FF:FF,U,NAN,I,NAN
259,R,NAN,K255,FF,FF:FF:FF,U,NAN,I,NAN
260,R,NAN,K255,FF,FF:FF:FF,U,NAN,I,NAN
261,R,NAN,K255,FF,FF:FF:FF,U,NAN,I,NAN
262,R,NAN,K255,FF,FF:FF:FF,U,NAN,I,NAN
263,R,NAN,K255,FF,FF:FF:FF,U,NAN,I,NAN
264,R,NAN,K255,FF,FF:FF:FF,U,NAN,I,NAN
265,R,NAN,K255,FF,FF:FF:FF,U,NAN,I,NAN
266,R,NAN,K255,FF,FF:FF:FF,U,NAN,I,NAN
267,R,NAN,K255,FF,FF:FF:FF,U,NAN,I,NAN
268,R,NAN,K255,FF,FF:FF:FF,U,NAN,I,NAN
269,R,NAN,K255,FF,FF:FF:FF,U,NAN,I,NAN
270,R,NAN,K255,FF,FF:FF:FF,U,NAN,I,NAN
271,R,NAN,K255,FF,FF:FF:FF,U,NAN,I,NAN
272,R,NAN,K255,FF,FF:FF:FF,U,NAN,I,NAN
273,R,NAN,K255,FF,FF:FF:FF,U,NAN,I,NAN
274,R,NAN,K255,FF,FF:FF:FF,U,NAN,I,NAN
275,R,NAN,K255,FF,FF:FF:FF,U,NAN,I,NAN
276,R,NAN,K255,FF,FF:FF:FF,U,NAN,I,NAN
277,R,NAN,K255,FF,FF:FF:FF,U,NAN,I,NAN
278,R,NAN,K255,FF,FF:FF:FF,U,NAN,I,NAN
279,R,NAN,K255,FF,FF:FF:FF,U,NAN,I,NAN
280,R,NAN,K255,FF,FF:FF:FF,U,NAN,I,NAN
281,R,NAN,K255,FF,FF:FF:FF,U,NAN,I,NAN
282,R,NAN,K255,FF,FF:FF:FF,U,NAN,I,NAN
283,R,NAN,K255,FF,FF:FF:FF,U,NAN,I,NAN
284,R,NAN,K255,FF,FF:FF:FF,U,NAN,I,NAN
285,R,NAN,K255,FF,FF:FF:FF,U,NAN,I,NAN
286,R,NAN,K255,FF,FF:FF:FF,U,NAN,I,NAN
287,R,NAN,K255,FF,FF:FF:FF,U,NAN,I,NAN
288,R,NAN,K255,FF,FF:FF:FF,U,NAN,I,NAN
289,R,NAN,K255,FF,FF:FF:FF,U,NAN,I,NAN
290,R,NAN,K255,FF,FF:FF:FF,U,NAN,I,NAN
291,R,NAN,K255,FF,FF:FF:FF,U,NAN,I,NAN
292,R,NAN,K255,FF,FF:FF:FF,U,NAN,I,NAN
293,R,NAN,K255,FF,FF:FF:FF,U,NAN,I,NAN
294,R,NAN,K255,FF,FF:FF:FF,U,NAN,I,NAN
295,R,NAN,K255,FF,FF:FF:FF,U,NAN,I,NAN
296,R,NAN,K255,FF,FF:FF:FF,U,NAN,I,NAN
297,R,NAN,K255,FF,FF:FF:FF,U,NAN,I,NAN
298,R,NAN,K255,FF,FF:FF:FF,U,NAN,I,NAN
299,R,NAN,K255,FF,FF:FF:FF,U,NAN,I,NAN
300,R,NAN,K255,FF,FF:FF:FF,U,NAN,I,NAN
301,R,NAN,K255,FF,FF:FF:FF,U,NAN,I,NAN
302,R,NAN,K255,FF,FF:FF:FF,U,NAN,I,NAN
303,R,NAN,K255,FF,FF:FF:FF,U,NAN,I,NAN
304,R,NAN,K255,FF,FF:FF:FF,U,NAN,I,NAN
305,R,NAN,K255,FF,FF:FF:FF,U,NAN,I,NAN
306,R,NAN,K255,FF,FF:FF:FF,U,NAN,I,NAN
307,R,NAN,K255,FF,FF:FF:FF,U,NAN,I,NAN
308,R,NAN,K255,FF,FF:FF:FF,U,NAN,I,NAN
309,R,NAN,K255,FF,FF:FF:FF,U,NAN,I,NAN
310,R,NAN,K255,FF,FF:FF:FF,U,NAN,I,NAN
311,R,NAN,K255,FF,FF:FF:FF,U,NAN,I,NAN
312,R,NAN,K255,FF,FF:FF:FF,U,NAN,I,NAN
313,R,NAN,K255,FF,FF:FF:FF,U,NAN,I,NAN
314,R,NAN,K255,FF,FF:FF:FF,U,NAN,I,NAN
315,R,NAN,K255,FF,FF:FF:FF,U,NAN,I,NAN
316,R,NAN,K255,FF,FF:FF:FF,U,NAN,I,NAN
317,R,NAN,K255,FF,FF:FF:FF,U,NAN,I,NAN
318,R,NAN,K255,FF,FF:FF:FF,U,NAN,I,NAN
319,R,NAN,K255,FF,FF:FF:FF,U,NAN,I,NAN
320,R,NAN,K255,FF,FF:FF:FF,U,NAN,I,NAN
321,R,NAN,K255,FF,FF:FF:FF,U,NAN,I,NAN
322,R,NAN,K255,FF,FF:FF:FF,U,NAN,I,NAN
323,R,NAN,K255,FF,FF:FF:FF,U,NAN,I,NAN
324,R,NAN,K255,FF,FF:FF:FF,U,NAN,I,NAN
325,R,NAN,K255,FF,FF:FF:FF,U,NAN,I,NAN
326,R,NAN,K255,FF,FF:FF:FF,U,NAN,I,NAN
327,R,NAN,K255,FF,FF:FF:FF,U,NAN,I,NAN
328,R,NAN,K255,FF,FF:FF:FF,U,NAN,I,NAN
329,R,NAN,K255,FF,FF:FF:FF,U,NAN,I,NAN
330,R,NAN,K255,FF,FF:FF:FF,U,NAN,I,NAN
331,R,NAN,K255,FF,FF:FF:FF,U,NAN,I,NAN
332,R,NAN,K255,FF,FF:FF:FF,U,NAN,I,NAN
333,R,NAN,K255,FF,FF:FF:FF,U,NAN,I,NAN
334,R,NAN,K255,FF,FF:FF:FF,U,NAN,I,NAN
335,R,NAN,K255,FF,FF:FF:FF,U,NAN,I,NAN
336,R,NAN,K255,FF,FF:FF:FF,U,NAN,I,NAN
337,R,NAN,K255,FF,FF:FF:FF,U,NAN,I,NAN
338,R,NAN,K255,FF,FF:FF:FF,U,NAN,I,NAN
339,R,NAN,K255,FF,FF:FF:FF,U,NAN,I,NAN
340,R,NAN,K255,FF,FF:FF:FF,U,NAN,I,NAN
341,R,NAN,K255,FF,FF:FF:FF,U,NAN,I,NAN
342,R,NAN,K255,FF,FF:FF:FF,U,NAN,I,NAN
343,R,NAN,K255,FF,FF:FF:FF,U,NAN,I,NAN
344,R,NAN,K255,FF,FF:FF:FF,U,NAN,I,NAN
345,R,NAN,K255,FF,FF:FF:FF,U,NAN,I,NAN
346,R,NAN,K255,FF,FF:FF:FF,U,NAN,I,NAN
347,R,NAN,K255,FF,FF:FF:FF,U,NAN,I,NAN
348,R,NAN,K255,FF,FF:FF:FF,U,NAN,I,NAN
349,R,NAN,K255,FF,FF:FF:FF,U,NAN,I,NAN
350,R,NAN,K255,FF,FF:FF:FF,U,NAN,I,NAN
351,R,NAN,K255,FF,FF:FF:FF,U,NAN,I,NAN
352,R,NAN,K255,FF,FF:FF:FF,U,NAN,I,NAN
353,R,NAN,K255,FF,FF:FF:FF,U,NAN,I,NAN
354,R,NAN,K255,FF,FF:FF:FF,U,NAN,I,NAN
355,R,NAN,K255,FF,FF:FF:FF,U,NAN,I,NAN
356,R,NAN,K255,FF,FF:FF:FF,U,NAN,I,NAN
357,R,NAN,K255,FF,FF:FF:FF,U,NAN,I,NAN
358,R,NAN,K255,FF,FF:FF:FF,U,NAN,I,NAN
359,R,NAN,K255,FF,FF:FF:FF,U,NAN,I,NAN
360,R,NAN,K255,FF,FF:FF:FF,U,NAN,I,NAN
361,R,NAN,K255,FF,FF:FF:FF,U,NAN,I,NAN
362,R,NAN,K255,FF,FF:FF:FF,U,NAN,I,NAN
363,R,NAN,K255,FF,FF:FF:FF,U,NAN,I,NAN
364,R,NAN,K255,FF,FF:FF:FF,U,NAN,I,NAN
365,R,NAN,K255,FF,FF:FF:FF,U,NAN,I,NAN
366,R,NAN,K255,FF,FF:FF:FF,U,NAN,I,NAN
367,R,NAN,K255,FF,FF:FF:FF,U,NAN,I,NAN
368,R,NAN,K255,FF,FF:FF:FF,U,NAN,I,NAN
369,R,NAN,K255,FF,FF:FF:FF,U,NAN,I,NAN
370,R,NAN,K255,FF,FF:FF:FF,U,NAN,I,NAN
371,R,NAN,K255,FF,FF:FF:FF,U,NAN,I,NAN
372,R,NAN,K255,FF,FF:FF:FF,U,NAN,I,NAN
373,R,NAN,K255,FF,FF:FF:FF,U,NAN,I,NAN
374,R,NAN,K255,FF,FF:FF:FF,U,NAN,I,NAN
375,R,NAN,K255,FF,FF:FF:FF,U,NAN,I,NAN
376,R,NAN,K255,FF,FF:FF:FF,U,NAN,I,NAN
377,R,NAN,K255,FF,FF:FF:FF,U,NAN,I,NAN
378,R,NAN,K255,FF,FF:FF:FF,U,NAN,I,NAN
379,R,NAN,K255,FF,FF:FF:FF,U,NAN,I,NAN
380,R,NAN,K255,FF,FF:FF:FF,U,NAN,I,NAN
381,R,NAN,K255,FF,FF:FF:FF,U,NAN,I,NAN
382,R,NAN,K255,FF,FF:FF:FF,U,NAN,I,NAN
383,R,NAN,K255,FF,FF:FF:FF,U,NAN,I,NAN
384,R,NAN,K255,FF,FF:FF:FF,U,NAN,I,NAN
385,R,NAN,K255,FF,FF:FF:FF,U,NAN,I,NAN
386,R,NAN,K255,FF,FF:FF:FF,U,NAN,I,NAN
387,R,NAN,K255,FF,FF:FF:FF,U,NAN,I,NAN
388,R,NAN,K255,FF,FF:FF:FF,U,NAN,I,NAN
389,R,NAN,K255,FF,FF:FF:FF,U,NAN,I,NAN
390,R,NAN,K255,FF,FF:FF:FF,U,NAN,I,NAN
391,R,NAN,K255,FF,FF:FF:FF,U,NAN,I,NAN
392,R,NAN,K255,FF,FF:FF:FF,U,NAN,I,NAN
393,R,NAN,K255,FF,FF:FF:FF,U,NAN,I,NAN
394,R,NAN,K255,FF,FF:FF:FF,U,NAN,I,NAN
395,R,NAN,K255,FF,FF:FF:FF,U,NAN,I,NAN
396,R,NAN,K255,FF,FF:FF:FF,U,NAN,I,NAN
397,R,NAN,K255,FF,FF:FF:FF,U,NAN,I,NAN
398,R,NAN,K255,FF,FF:FF:FF,U,NAN,I,NAN
399,R,NAN,K255,FF,FF:FF:FF,U,NAN,I,NAN
400,R,NAN,K255,FF,FF:FF:FF,U,NAN,I,NAN
401,R,NAN,K255,FF,FF:FF:FF,U,NAN,I,NAN
402,R,NAN,K255,FF,FF:FF:FF,U,NAN,I,NAN
403,R,NAN,K255,FF,FF:FF:FF,U,NAN,I,NAN
404,R,NAN,K255,FF,FF:FF:FF,U,NAN,I,NAN
405,R,NAN,K255,FF,FF:FF:FF,U,NAN,I,NAN
406,R,NAN,K255,FF,FF:FF:FF,U,NAN,I,NAN
407,R,NAN,K255,FF,FF:FF:FF,U,NAN,I,NAN
408,R,NAN,K255,FF,FF:FF:FF,U,NAN,I,NAN
409,R,NAN,K255,FF,FF:FF:FF,U,NAN,I,NAN
410,R,NAN,K255,FF,FF:FF:FF,U,NAN,I,NAN
411,R,NAN,K255,FF,FF:FF:FF,U,NAN,I,NAN
412,R,NAN,K255,FF,FF:FF:FF,U,NAN,I,NAN
413,R,NAN,K255,FF,FF:FF:FF,U,NAN,I,NAN
414,R,NAN,K255,FF,FF:FF:FF,U,NAN,I,NAN
415,R,NAN,K255,FF,FF:FF:FF,U,NAN,I,NAN
416,R,NAN,K255,FF,FF:FF:FF,U,NAN,I,NAN
417,R,NAN,K255,FF,FF:FF:FF,U,NAN,I,NAN
418,R,NAN,K255,FF,FF:FF:FF,U,NAN,I,NAN
419,R,NAN,K255,FF,FF:FF:FF,U,NAN,I,NAN
420,R,NAN,K255,FF,FF:FF:FF,U,NAN,I,NAN
421,R,NAN,K255,FF,FF:FF:FF,U,NAN,I,NAN
422,R,NAN,K255,FF,FF:FF:FF,U,NAN,I,NAN
423,R,NAN,K255,FF,FF:FF:FF,U,NAN,I,NAN
424,R,NAN,K255,FF,FF:FF:FF,U,NAN,I,NAN
425,R,NAN,K255,FF,FF:FF:FF,U,NAN,I,NAN
426,R,NAN,K255,FF,FF:FF:FF,U,NAN,I,NAN
427,R,NAN,K255,FF,FF:FF:FF,U,NAN,I,NAN
428,R,NAN,K255,FF,FF:FF:FF,U,NAN,I,NAN
429,R,NAN,K255,FF,FF:FF:FF,U,NAN,I,NAN
430,R,NAN,K255,FF,FF:FF:FF,U,NAN,I,NAN
431,R,NAN,K255,FF,FF:FF:FF,U,NAN,I,NAN
432,R,NAN,K255,FF,FF:FF:FF,U,NAN,I,NAN
433,R,NAN,K255,FF,FF:FF:FF,U,NAN,I,NAN
434,R,NAN,K255,FF,FF:FF:FF,U,NAN,I,NAN
435,R,NAN,K255,FF,FF:FF:FF,U,NAN,I,NAN
436,R,NAN,K255,FF,FF:FF:FF,U,NAN,I,NAN
437,R,NAN,K255,FF,FF:FF:FF,U,NAN,I,NAN
438,R,NAN,K255,FF,FF:FF:FF,U,NAN,I,NAN
439,R,NAN,K255,FF,FF:FF:FF,U,NAN,I,NAN
440,R,NAN,K255,FF,FF:FF:FF,U,NAN,I,NAN
441,R,NAN,K255,FF,FF:FF:FF,U,NAN,I,NAN
442,R,NAN,K255,FF,FF:FF:FF,U,NAN,I,NAN
443,R,NAN,K255,FF,FF:FF:FF,U,NAN,I,NAN
444,R,NAN,K255,FF,FF:FF:FF,U,NAN,I,NAN
445,R,NAN,K255,FF,FF:FF:FF,U,NAN,I,NAN
446,R,NAN,K255,FF,FF:FF:FF,U,NAN,I,NAN
447,R,NAN,K255,FF,FF:FF:FF,U,NAN,I,NAN
448,R,NAN,K255,FF,FF:FF:FF,U,NAN,I,NAN
449,R,NAN,K255,FF,FF:FF:FF,U,NAN,I,NAN
450,R,NAN,K255,FF,FF:FF:FF,U,NAN,I,NAN
451,R,NAN,K255,FF,FF:FF:FF,U,NAN,I,NAN
452,R,NAN,K255,FF,FF:FF:FF,U,NAN,I,NAN
453,R,NAN,K255,FF,FF:FF:FF,U,NAN,I,NAN
454,R,NAN,K255,FF,FF:FF:FF,U,NAN,I,NAN
455,R,NAN,K255,FF,FF:FF:FF,U,NAN,I,NAN
456,R,NAN,K255,FF,FF:FF:FF,U,NAN,I,NAN
457,R,NAN,K255,FF,FF:FF:FF,U,NAN,I,NAN
458,R,NAN,K255,FF,FF:FF:FF,U,NAN,I,NAN
459,R,NAN,K255,FF,FF:FF:FF,U,NAN,I,NAN
460,R,NAN,K255,FF,FF:FF:FF,U,NAN,I,NAN
461,R,NAN,K255,FF,FF:FF:FF,U,NAN,I,NAN
462,R,NAN,K255,FF,FF:FF:FF,U,NAN,I,NAN
463,R,NAN,K255,FF,FF:FF:FF,U,NAN,I,NAN
464,R,NAN,K255,FF,FF:FF:FF,U,NAN,I,NAN
465,R,NAN,K255,FF,FF:FF:FF,U,NAN,I,NAN
466,R,NAN,K255,FF,FF:FF:FF,U,NAN,I,NAN
467,R,NAN,K255,FF,FF:FF:FF,U,NAN,I,NAN
468,R,NAN,K255,FF,FF:FF:FF,U,NAN,I,NAN
469,R,NAN,K255,FF,FF:FF:FF,U,NAN,I,NAN
470,R,NAN,K255,FF,FF:FF:FF,U,NAN,I,NAN
471,R,NAN,K255,FF,FF:FF:FF,U,NAN,I,NAN
472,R,NAN,K255,FF,FF:FF:FF,U,NAN,I,NAN
473,R,NAN,K255,FF,FF:FF:FF,U,NAN,I,NAN
474,R,NAN,K255,FF,FF:FF:FF,U,NAN,I,NAN
475,R,NAN,K255,FF,FF:FF:FF,U,NAN,I,NAN
476,R,NAN,K255,FF,FF:FF:FF,U,NAN,I,NAN
477,R,NAN,K255,FF,FF:FF:FF,U,NAN,I,NAN
478,R,NAN,K255,FF,FF:FF:FF,U,NAN,I,NAN
479,R,NAN,K255,FF,FF:FF:FF,U,NAN,I,NAN
480,R,NAN,K255,FF,FF:FF:FF,U,NAN,I,NAN
481,R,NAN,K255,FF,FF:FF:FF,U,NAN,I,NAN
482,R,NAN,K255,FF,FF:FF:FF,U,NAN,I,NAN
483,R,NAN,K255,FF,FF:FF:FF,U,NAN,I,NAN
484,R,NAN,K255,FF,FF:FF:FF,U,NAN,I,NAN
485,R,NAN,K255,FF,FF:FF:FF,U,NAN,I,NAN
486,R,NAN,K255,FF,FF:FF:FF,U,NAN,I,NAN
487,R,NAN,K255,FF,FF:FF:FF,U,NAN,I,NAN
488,R,NAN,K255,FF,FF:FF:FF,U,NAN,I,NAN
489,R,NAN,K255,FF,FF:FF:FF,U,NAN,I,NAN
490,R,NAN,K255,FF,FF:FF:FF,U,NAN,I,NAN
491,R,NAN,K255,FF,FF:FF:FF,U,NAN,I,NAN
492,R,NAN,K255,FF,FF:FF:FF,U,NAN,I,NAN
493,R,NAN,K255,FF,FF:FF:FF,U,NAN,I,NAN
494,R,NAN,K255,FF,FF:FF:FF,U,NAN,I,NAN
495,R,NAN,K255,FF,FF:FF:FF,U,NAN,I,NAN
496,R,NAN,K255,FF,FF:FF:FF,U,NAN,I,NAN
497,R,NAN,K255,FF,FF:FF:FF,U,NAN,I,NAN
498,R,NAN,K255,FF,FF:FF:FF,U,NAN,I,NAN
499,R,NAN,K255,FF,FF:FF:FF,U,NAN,I,NAN
500,R,NAN,K255,FF,FF:FF:FF,U,NAN,I,NAN
501,R,NAN,K255,FF,FF:FF:FF,U,NAN,I,NAN
502,R,NAN,K255,FF,FF:FF:FF,U,NAN,I,NAN
503,R,NAN,K255,FF,FF:FF:FF,U,NAN,I,NAN
504,R,NAN,K255,FF,FF:FF:FF,U,NAN,I,NAN
505,R,NAN,K255,FF,FF:FF:FF,U,NAN,I,NAN
506,R,NAN,K255,FF,FF:FF:FF,U,NAN,I,NAN
507,R,NAN,K255,FF,FF:FF:FF,U,NAN,I,NAN
508,R,NAN,K255,FF,FF:FF:FF,U,NAN,I,NAN
509,R,NAN,K255,FF,FF:FF:FF,U,NAN,I,NAN
510,R,NAN,K255,FF,FF:FF:FF,U,NAN,I,NAN
511,R,NAN,K255,FF,FF:FF:FF,U,NAN,I,NAN
512,R,NAN,K255,FF,FF:FF:FF,U,NAN,I,NAN
513,R,NAN,K255,FF,FF:FF:FF,U,NAN,I,NAN
514,R,NAN,K255,FF,FF:FF:FF,U,NAN,I,NAN
515,R,NAN,K255,FF,FF:FF:FF,U,NAN,I,NAN
516,R,NAN,K255,FF,FF:FF:FF,U,NAN,I,NAN
517,R,NAN,K255,FF,FF:FF:FF,U,NAN,I,NAN
518,R,NAN,K255,FF,FF:FF:FF,U,NAN,I,NAN
519,R,NAN,K255,FF,FF:FF:FF,U,NAN,I,NAN
520,R,NAN,K255,FF,FF:FF:FF,U,NAN,I,NAN
521,R,NAN,K255,FF,FF:FF:FF,U,NAN,I,NAN
522,R,NAN,K255,FF,FF:FF:FF,U,NAN,I,NAN
523,R,NAN,K255,FF,FF:FF:FF,U,NAN,I,NAN
524,R,NAN,K255,FF,FF:FF:FF,U,NAN,I,NAN
525,R,NAN,K255,FF,FF:FF:FF,U,NAN,I,NAN
526,R,NAN,K255,FF,FF:FF:FF,U,NAN,I,NAN
527,R,NAN,K255,FF,FF:FF:FF,U,NAN,I,NAN
528,R,NAN,K255,FF,FF:FF:FF,U,NAN,I,NAN
529,R,NAN,K255,FF,FF:FF:FF,U,NAN,I,NAN
530,R,NAN,K255,FF,FF:FF:FF,U,NAN,I,NAN
531,R,NAN,K255,FF,FF:FF:FF,U,NAN,I,NAN
532,R,NAN,K255,FF,FF:FF:FF,U,NAN,I,NAN
533,R,NAN,K255,FF,FF:FF:FF,U,NAN,I,NAN
534,R,NAN,K255,FF,FF:FF:FF,U,NAN,I,NAN
535,R,NAN,K255,FF,FF:FF:FF,U,NAN,I,NAN
536,R,NAN,K255,FF,FF:FF:FF,U,NAN,I,NAN
537,R,NAN,K255,FF,FF:FF:FF,U,NAN,I,NAN
538,R,NAN,K255,FF,FF:FF:FF,U,NAN,I,NAN
539,R,NAN,K255,FF,FF:FF:FF,U,NAN,I,NAN
540,R,NAN,K255,FF,FF:FF:FF,U,NAN,I,NAN
541,R,NAN,K255,FF,FF:FF:FF,U,NAN,I,NAN
542,R,NAN,K255,FF,FF:FF:FF,U,NAN,I,NAN
543,R,NAN,K255,FF,FF:FF:FF,U,NAN,I,NAN
544,R,NAN,K255,FF,FF:FF:FF,U,NAN,I,NAN
545,R,NAN,K255,FF,FF:FF:FF,U,NAN,I,NAN
546,R,NAN,K255,FF,FF:FF:FF,U,NAN,I,NAN
547,R,NAN,K255,FF,FF:FF:FF,U,NAN,I,NAN
548,R,NAN,K255,FF,FF:FF:FF,U,NAN,I,NAN
549,R,NAN,K255,FF,FF:FF:FF,U,NAN,I,NAN
550,R,NAN,K255,FF,FF:FF:FF,U,NAN,I,NAN
551,R,NAN,K255,FF,FF:FF:FF,U,NAN,I,NAN
552,R,NAN,K255,FF,FF:FF:FF,U,NAN,I,NAN
553,R,NAN,K255,FF,FF:FF:FF,U,NAN,I,NAN
554,R,NAN,K255,FF,FF:FF:FF,U,NAN,I,NAN
555,R,NAN,K255,FF,FF:FF:FF,U,NAN,I,NAN
556,R,NAN,K255,FF,FF:FF:FF,U,NAN,I,NAN
557,R,NAN,K255,FF,FF:FF:FF,U,NAN,I,NAN
558,R,NAN,K255,FF,FF:FF:FF,U,NAN,I,NAN
559,R,NAN,K255,FF,FF:FF:FF,U,NAN,I,NAN
560,R,NAN,K255,FF,FF:FF:FF,U,NAN,I,NAN
561,R,NAN,K255,FF,FF:FF:FF,U,NAN,I,NAN
562,R,NAN,K255,FF,FF:FF:FF,U,NAN,I,NAN
563,R,NAN,K255,FF,FF:FF:FF,U,NAN,I,NAN
564,R,NAN,K255,FF,FF:FF:FF,U,NAN,I,NAN
565,R,NAN,K255,FF,FF:FF:FF,U,NAN,I,NAN
566,R,NAN,K255,FF,FF:FF:FF,U,NAN,I,NAN
567,R,NAN,K255,FF,FF:FF:FF,U,NAN,I,NAN
568,R,NAN,K255,FF,FF:FF:FF,U,NAN,I,NAN
569,R,NAN,K255,FF,FF:FF:FF,U,NAN,I,NAN
570,R,NAN,K255,FF,FF:FF:FF,U,NAN,I,NAN
571,R,NAN,K255,FF,FF:FF:FF,U,NAN,I,NAN
572,R,NAN,K255,FF,FF:FF:FF,U,NAN,I,NAN
573,R,NAN,K255,FF,FF:FF:FF,U,NAN,I,NAN
574,R,NAN,K255,FF,FF:FF:FF,U,NAN,I,NAN
575,R,NAN,K255,FF,FF:FF:FF,U,NAN,I,NAN
576,R,NAN,K255,FF,FF:FF:FF,U,NAN,I,NAN
577,R,NAN,K255,FF,FF:FF:FF,U,NAN,I,NAN
578,R,NAN,K255,FF,FF:FF:FF,U,NAN,I,NAN
579,R,NAN,K255,FF,FF:FF:FF,U,NAN,I,NAN
580,R,NAN,K255,FF,FF:FF:FF,U,NAN,I,NAN
581,R,NAN,K255,FF,FF:FF:FF,U,NAN,I,NAN
582,R,NAN,K255,FF,FF:FF:FF,U,NAN,I,NAN
583,R,NAN,K255,FF,FF:FF:FF,U,NAN,I,NAN
584,R,NAN,K255,FF,FF:FF:FF,U,NAN,I,NAN
585,R,NAN,K255,FF,FF:FF:FF,U,NAN,I,NAN
586,R,NAN,K255,FF,FF:FF:FF,U,NAN,I,NAN
587,R,NAN,K255,FF,FF:FF:FF,U,NAN,I,NAN
588,R,NAN,K255,FF,FF:FF:FF,U,NAN,I,NAN
589,R,NAN,K255,FF,FF:FF:FF,U,NAN,I,NAN
590,R,NAN,K255,FF,FF:FF:FF,U,NAN,I,NAN
591,R,NAN,K255,FF,FF:FF:FF,U,NAN,I,NAN
592,R,NAN,K255,FF,FF:FF:FF,U,NAN,I,NAN
593,R,NAN,K255,FF,FF:FF:FF,U,NAN,I,NAN
594,R,NAN,K255,FF,FF:FF:FF,U,NAN,I,NAN
595,R,NAN,K255,FF,FF:FF:FF,U,NAN,I,NAN
596,R,NAN,K255,FF,FF:FF:FF,U,NAN,I,NAN
597,R,NAN,K255,FF,FF:FF:FF,U,NAN,I,NAN
598,R,NAN,K255,FF,FF:FF:FF,U,NAN,I,NAN
599,R,NAN,K255,FF,FF:FF:FF,U,NAN,I,NAN
600,R,NAN,K255,FF,FF:FF:FF,U,NAN,I,NAN
601,R,NAN,K255,FF,FF:FF:FF,U,NAN,I,NAN
602,R,NAN,K255,FF,FF:FF:FF,U,NAN,I,NAN
603,R,NAN,K255,FF,FF:FF:FF,U,NAN,I,NAN
604,R,NAN,K255,FF,FF:FF:FF,U,NAN,I,NAN
605,R,NAN,K255,FF,FF:FF:FF,U,NAN,I,NAN
606,R,NAN,K255,FF,FF:FF:FF,U,NAN,I,NAN
607,R,NAN,K255,FF,FF:FF:FF,U,NAN,I,NAN
608,R,NAN,K255,FF,FF:FF:FF,U,NAN,I,NAN
609,R,NAN,K255,FF,FF:FF:FF,U,NAN,I,NAN
610,R,NAN,K255,FF,FF:FF:FF,U,NAN,I,NAN
611,R,NAN,K255,FF,FF:FF:FF,U,NAN,I,NAN
612,R,NAN,K255,FF,FF:FF:FF,U,NAN,I,NAN
613,R,NAN,K255,FF,FF:FF:FF,U,NAN,I,NAN
614,R,NAN,K255,FF,FF:FF:FF,U,NAN,I,NAN
615,R,NAN,K255,FF,FF:FF:FF,U,NAN,I,NAN
616,R,NAN,K255,FF,FF:FF:FF,U,NAN,I,NAN
617,R,NAN,K255,FF,FF:FF:FF,U,NAN,I,NAN
618,R,NAN,K255,FF,FF:FF:FF,U,NAN,I,NAN
619,R,NAN,K255,FF,FF:FF:FF,U,NAN,I,NAN
620,R,NAN,K255,FF,FF:FF:FF,U,NAN,I,NAN
621,R,NAN,K255,FF,FF:FF:FF,U,NAN,I,NAN
622,R,NAN,K255,FF,FF:FF:FF,U,NAN,I,NAN
623,R,NAN,K255,FF,FF:FF:FF,U,NAN,I,NAN
624,R,NAN,K255,FF,FF:FF:FF,U,NAN,I,NAN
625,R,NAN,K255,FF,FF:FF:FF,U,NAN,I,NAN
626,R,NAN,K255,FF,FF:FF:FF,U,NAN,I,NAN
627,R,NAN,K255,FF,FF:FF:FF,U,NAN,I,NAN
628,R,NAN,K255,FF,FF:FF:FF,U,NAN,I,NAN
629,R,NAN,K255,FF,FF:FF:FF,U,NAN,I,NAN
630,R,NAN,K255,FF,FF:FF:FF,U,NAN,I,NAN
631,R,NAN,K255,FF,FF:FF:FF,U,NAN,I,NAN
632,R,NAN,K255,FF,FF:FF:FF,U,NAN,I,NAN
633,R,NAN,K255,FF,FF:FF:FF,U,NAN,I,NAN
634,R,NAN,K255,FF,FF:FF:FF,U,NAN,I,NAN
635,R,NAN,K255,FF,FF:FF:FF,U,NAN,I,NAN
636,R,NAN,K255,FF,FF:FF:FF,U,NAN,I,NAN
637,R,NAN,K255,FF,FF:FF:FF,U,NAN,I,NAN
638,R,NAN,K255,FF,FF:FF:FF,U,NAN,I,NAN
639,R,NAN,K255,FF,FF:FF:FF,U,NAN,I,NAN
640,R,NAN,K255,FF,FF:FF:FF,U,NAN,I,NAN
641,R,NAN,K255,FF,FF:FF:FF,U,NAN,I,NAN
642,R,NAN,K255,FF,FF:FF:FF,U,NAN,I,NAN
643,R,NAN,K255,FF,FF:FF:FF,U,NAN,I,NAN
644,R,NAN,K255,FF,FF:FF:FF,U,NAN,I,NAN
645,R,NAN,K255,FF,FF:FF:FF,U,NAN,I,NAN
646,R,NAN,K255,FF,FF:FF:FF,U,NAN,I,NAN
647,R,NAN,K255,FF,FF:FF:FF,U,NAN,I,NAN
648,R,NAN,K255,FF,FF:FF:FF,U,NAN,I,NAN
649,R,NAN,K255,FF,FF:FF:FF,U,NAN,I,NAN
650,R,NAN,K255,FF,FF:FF:FF,U,NAN,I,NAN
651,R,NAN,K255,FF,FF:FF:FF,U,NAN,I,NAN
652,R,NAN,K255,FF,FF:FF:FF,U,NAN,I,NAN
653,R,NAN,K255,FF,FF:FF:FF,U,NAN,I,NAN
654,R,NAN,K255,FF,FF:FF:FF,U,NAN,I,NAN
655,R,NAN,K255,FF,FF:FF:FF,U,NAN,I,NAN
656,R,NAN,K255,FF,FF:FF:FF,U,NAN,I,NAN
657,R,NAN,K255,FF,FF:FF:FF,U,NAN,I,NAN
658,R,NAN,K255,FF,FF:FF:FF,U,NAN,I,NAN
659,R,NAN,K255,FF,FF:FF:FF,U,NAN,I,NAN
660,R,NAN,K255,FF,FF:FF:FF,U,NAN,I,NAN
661,R,NAN,K255,FF,FF:FF:FF,U,NAN,I,NAN
662,R,NAN,K255,FF,FF:FF:FF,U,NAN,I,NAN
663,R,NAN,K255,FF,FF:FF:FF,U,NAN,I,NAN
664,R,NAN,K255,FF,FF:FF:FF,U,NAN,I,NAN
665,R,NAN,K255,FF,FF:FF:FF,U,NAN,I,NAN
666,R,NAN,K255,FF,FF:FF:FF,U,NAN,I,NAN
667,R,NAN,K255,FF,FF:FF:FF,U,NAN,I,NAN
668,R,NAN,K255,FF,FF:FF:FF,U,NAN,I,NAN
669,R,NAN,K255,FF,FF:FF:FF,U,NAN,I,NAN
670,R,NAN,K255,FF,FF:FF:FF,U,NAN,I,NAN
671,R,NAN,K255,FF,FF:FF:FF,U,NAN,I,NAN
672,R,NAN,K255,FF,FF:FF:FF,U,NAN,I,NAN
673,R,NAN,K255,FF,FF:FF:FF,U,NAN,I,NAN
674,R,NAN,K255,FF,FF:FF:FF,U,NAN,I,NAN
675,R,NAN,K255,FF,FF:FF:FF,U,NAN,I,NAN
676,R,NAN,K255,FF,FF:FF:FF,U,NAN,I,NAN
677,R,NAN,K255,FF,FF:FF:FF,U,NAN,I,NAN
678,R,NAN,K255,FF,FF:FF:FF,U,NAN,I,NAN
679,R,NAN,K255,FF,FF:FF:FF,U,NAN,I,NAN
680,R,NAN,K255,FF,FF:FF:FF,U,NAN,I,NAN
681,R,NAN,K255,FF,FF:FF:FF,U,NAN,I,NAN
682,R,NAN,K255,FF,FF:FF:FF,U,NAN,I,NAN
683,R,NAN,K255,FF,FF:FF:FF,U,NAN,I,NAN
684,R,NAN,K255,FF,FF:FF:FF,U,NAN,I,NAN
685,R,NAN,K255,FF,FF:FF:FF,U,NAN,I,NAN
686,R,NAN,K255,FF,FF:FF:FF,U,NAN,I,NAN
687,R,NAN,K255,FF,FF:FF:FF,U,NAN,I,NAN
688,R,NAN,K255,FF,FF:FF:FF,U,NAN,I,NAN
689,R,NAN,K255,FF,FF:FF:FF,U,NAN,I,NAN
690,R,NAN,K255,FF,FF:FF:FF,U,NAN,I,NAN
691,R,NAN,K255,FF,FF:FF:FF,U,NAN,I,NAN
692,R,NAN,K255,FF,FF:FF:FF,U,NAN,I,NAN
693,R,NAN,K255,FF,FF:FF:FF,U,NAN,I,NAN
694,R,NAN,K255,FF,FF:FF:FF,U,NAN,I,NAN
695,R,NAN,K255,FF,FF:FF:FF,U,NAN,I,NAN
696,R,NAN,K255,FF,FF:FF:FF,U,NAN,I,NAN
697,R,NAN,K255,FF,FF:FF:FF,U,NAN,I,NAN
698,R,NAN,K255,FF,FF:FF:FF,U,NAN,I,NAN
699,R,NAN,K255,FF,FF:FF:FF,U,NAN,I,NAN
700,R,NAN,K255,FF,FF:FF:FF,U,NAN,I,NAN
701,R,NAN,K255,FF,FF:FF:FF,U,NAN,I,NAN
702,R,NAN,K255,FF,FF:FF:FF,U,NAN,I,NAN
703,R,NAN,K255,FF,FF:FF:FF,U,NAN,I,NAN
704,R,NAN,K255,FF,FF:FF:FF,U,NAN,I,NAN
705,R,NAN,K255,FF,FF:FF:FF,U,NAN,I,NAN
706,R,NAN,K255,FF,FF:FF:FF,U,NAN,I,NAN
707,R,NAN,K255,FF,FF:FF:FF,U,NAN,I,NAN
708,R,NAN,K255,FF,FF:FF:FF,U,NAN,I,NAN
709,R,NAN,K255,FF,FF:FF:FF,U,NAN,I,NAN
710,R,NAN,K255,FF,FF:FF:FF,U,NAN,I,NAN
711,R,NAN,K255,FF,FF:FF:FF,U,NAN,I,NAN
712,R,NAN,K255,FF,FF:FF:FF,U,NAN,I,NAN
713,R,NAN,K255,FF,FF:FF:FF,U,NAN,I,NAN
714,R,NAN,K255,FF,FF:FF:FF,U,NAN,I,NAN
715,R,NAN,K255,FF,FF:FF:FF,U,NAN,I,NAN
716,R,NAN,K255,FF,FF:FF:FF,U,NAN,I,NAN
717,R,NAN,K255,FF,FF:FF:FF,U,NAN,I,NAN
718,R,NAN,K255,FF,FF:FF:FF,U,NAN,I,NAN
719,R,NAN,K255,FF,FF:FF:FF,U,NAN,I,NAN
720,R,NAN,K255,FF,FF:FF:FF,U,NAN,I,NAN
721,R,NAN,K255,FF,FF:FF:FF,U,NAN,I,NAN
722,R,NAN,K255,FF,FF:FF:FF,U,NAN,I,NAN
723,R,NAN,K255,FF,FF:FF:FF,U,NAN,I,NAN
724,R,NAN,K255,FF,FF:FF:FF,U,NAN,I,NAN
725,R,NAN,K255,FF,FF:FF:FF,U,NAN,I,NAN
726,R,NAN,K255,FF,FF:FF:FF,U,NAN,I,NAN
727,R,NAN,K255,FF,FF:FF:FF,U,NAN,I,NAN
728,R,NAN,K255,FF,FF:FF:FF,U,NAN,I,NAN
729,R,NAN,K255,FF,FF:FF:FF,U,NAN,I,NAN
730,R,NAN,K255,FF,FF:FF:FF,U,NAN,I,NAN
731,R,NAN,K255,FF,FF:FF:FF,U,NAN,I,NAN
732,R,NAN,K255,FF,FF:FF:FF,U,NAN,I,NAN
733,R,NAN,K255,FF,FF:FF:FF,U,NAN,I,NAN
734,R,NAN,K255,FF,FF:FF:FF,U,NAN,I,NAN
735,R,NAN,K255,FF,FF:FF:FF,U,NAN,I,NAN
736,R,NAN,K255,FF,FF:FF:FF,U,NAN,I,NAN
737,R,NAN,K255,FF,FF:FF:FF,U,NAN,I,NAN
738,R,NAN,K255,FF,FF:FF:FF,U,NAN,I,NAN
739,R,NAN,K255,FF,FF:FF:FF,U,NAN,I,NAN
740,R,NAN,K255,FF,FF:FF:FF,U,NAN,I,NAN
741,R,NAN,K255,FF,FF:FF:FF,U,NAN,I,NAN
742,R,NAN,K255,FF,FF:FF:FF,U,NAN,I,NAN
743,R,NAN,K255,FF,FF:FF:FF,U,NAN,I,NAN
744,R,NAN,K255,FF,FF:FF:FF,U,NAN,I,NAN
745,R,NAN,K255,FF,FF:FF:FF,U,NAN,I,NAN
746,R,NAN,K255,FF,FF:FF:FF,U,NAN,I,NAN
747,R,NAN,K255,FF,FF:FF:FF,U,NAN,I,NAN
748,R,NAN,K255,FF,FF:FF:FF,U,NAN,I,NAN
749,R,NAN,K255,FF,FF:FF:FF,U,NAN,I,NAN
750,R,NAN,K255,FF,FF:FF:FF,U,NAN,I,NAN
751,R,NAN,K255,FF,FF:FF:FF,U,NAN,I,NAN
752,R,NAN,K255,FF,FF:FF:FF,U,NAN,I,NAN
753,R,NAN,K255,FF,FF:FF:FF,U,NAN,I,NAN
754,R,NAN,K255,FF,FF:FF:FF,U,NAN,I,NAN
755,R,NAN,K255,FF,FF:FF:FF,U,NAN,I,NAN
756,R,NAN,K255,FF,FF:FF:FF,U,NAN,I,NAN
757,R,NAN,K255,FF,FF:FF:FF,U,NAN,I,NAN
758,R,NAN,K255,FF,FF:FF:FF,U,NAN,I,NAN
759,R,NAN,K255,FF,FF:FF:FF,U,NAN,I,NAN
760,R,NAN,K255,FF,FF:FF:FF,U,NAN,I,NAN
761,R,NAN,K255,FF,FF:FF:FF,U,NAN,I,NAN
762,R,NAN,K255,FF,FF:FF:FF,U,NAN,I,NAN
763,R,NAN,K255,FF,FF:FF:FF,U,NAN,I,NAN
764,R,NAN,K255,FF,FF:FF:FF,U,NAN,I,NAN
765,R,NAN,K255,FF,FF:FF:FF,U,NAN,I,NAN
766,R,NAN,K255,FF,FF:FF:FF,U,NAN,I,NAN
767,R,NAN,K255,FF,FF:FF:FF,U,NAN,I,NAN
768,R,NAN,K255,FF,FF:FF:FF,U,NAN,I,NAN
769,R,NAN,K255,FF,FF:FF:FF,U,NAN,I,NAN
770,R,NAN,K255,FF,FF:FF:FF,U,NAN,I,NAN
771,R,NAN,K255,FF,FF:FF:FF,U,NAN,I,NAN
772,R,NAN,K255,FF,FF:FF:FF,U,NAN,I,NAN
773,R,NAN,K255,FF,FF:FF:FF,U,NAN,I,NAN
774,R,NAN,K255,FF,FF:FF:FF,U,NAN,I,NAN
775,R,NAN,K255,FF,FF:FF:FF,U,NAN,I,NAN
776,R,NAN,K255,FF,FF:FF:FF,U,NAN,I,NAN
777,R,NAN,K255,FF,FF:FF:FF,U,NAN,I,NAN
778,R,NAN,K255,FF,FF:FF:FF,U,NAN,I,NAN
779,R,NAN,K255,FF,FF:FF:FF,U,NAN,I,NAN
780,R,NAN,K255,FF,FF:FF:FF,U,NAN,I,NAN
781,R,NAN,K255,FF,FF:FF:FF,U,NAN,I,NAN
782,R,NAN,K255,FF,FF:FF:FF,U,NAN,I,NAN
783,R,NAN,K255,FF,FF:FF:FF,U,NAN,I,NAN
784,R,NAN,K255,FF,FF:FF:FF,U,NAN,I,NAN
785,R,NAN,K255,FF,FF:FF:FF,U,NAN,I,NAN
786,R,NAN,K255,FF,FF:FF:FF,U,NAN,I,NAN
787,R,NAN,K255,FF,FF:FF:FF,U,NAN,I,NAN
788,R,NAN,K255,FF,FF:FF:FF,U,NAN,I,NAN
789,R,NAN,K255,FF,FF:FF:FF,U,NAN,I,NAN
790,R,NAN,K255,FF,FF:FF:FF,U,NAN,I,NAN
791,R,NAN,K255,FF,FF:FF:FF,U,NAN,I,NAN
792,R,NAN,K255,FF,FF:FF:FF,U,NAN,I,NAN
793,R,NAN,K255,FF,FF:FF:FF,U,NAN,I,NAN
794,R,NAN,K255,FF,FF:FF:FF,U,NAN,I,NAN
795,R,NAN,K255,FF,FF:FF:FF,U,NAN,I,NAN
796,R,NAN,K255,FF,FF:FF:FF,U,NAN,I,NAN
797,R,NAN,K255,FF,FF:FF:FF,U,NAN,I,NAN
798,R,NAN,K255,FF,FF:FF:FF,U,NAN,I,NAN
799,R,NAN,K255,FF,FF:FF:FF,U,NAN,I,NAN
800,R,NAN,K255,FF,FF:FF:FF,U,NAN,I,NAN
801,R,NAN,K255,FF,FF:FF:FF,U,NAN,I,NAN
802,R,NAN,K255,FF,FF:FF:FF,U,NAN,I,NAN
803,R,NAN,K255,FF,FF:FF:FF,U,NAN,I,NAN
804,R,NAN,K255,FF,FF:FF:FF,U,NAN,I,NAN
805,R,NAN,K255,FF,FF:FF:FF,U,NAN,I,NAN
806,R,NAN,K255,FF,FF:FF:FF,U,NAN,I,NAN
807,R,NAN,K255,FF,FF:FF:FF,U,NAN,I,NAN
808,R,NAN,K255,FF,FF:FF:FF,U,NAN,I,NAN
809,R,NAN,K255,FF,FF:FF:FF,U,NAN,I,NAN
810,R,NAN,K255,FF,FF:FF:FF,U,NAN,I,NAN
811,R,NAN,K255,FF,FF:FF:FF,U,NAN,I,NAN
812,R,NAN,K255,FF,FF:FF:FF,U,NAN,I,NAN
813,R,NAN,K255,FF,FF:FF:FF,U,NAN,I,NAN
814,R,NAN,K255,FF,FF:FF:FF,U,NAN,I,NAN
815,R,NAN,K255,FF,FF:FF:FF,U,NAN,I,NAN
816,R,NAN,K255,FF,FF:FF:FF,U,NAN,I,NAN
817,R,NAN,K255,FF,FF:FF:FF,U,NAN,I,NAN
818,R,NAN,K255,FF,FF:FF:FF,U,NAN,I,NAN
819,R,NAN,K255,FF,FF:FF:FF,U,NAN,I,NAN
820,R,NAN,K255,FF,FF:FF:FF,U,NAN,I,NAN
821,R,NAN,K255,FF,FF:FF:FF,U,NAN,I,NAN
822,R,NAN,K255,FF,FF:FF:FF,U,NAN,I,NAN
823,R,NAN,K255,FF,FF:FF:FF,U,NAN,I,NAN
824,R,NAN,K255,FF,FF:FF:FF,U,NAN,I,NAN
825,R,NAN,K255,FF,FF:FF:FF,U,NAN,I,NAN
826,R,NAN,K255,FF,FF:FF:FF,U,NAN,I,NAN
827,R,NAN,K255,FF,FF:FF:FF,U,NAN,I,NAN
828,R,NAN,K255,FF,FF:FF:FF,U,NAN,I,NAN
829,R,NAN,K255,FF,FF:FF:FF,U,NAN,I,NAN
830,R,NAN,K255,FF,FF:FF:FF,U,NAN,I,NAN
831,R,NAN,K255,FF,FF:FF:FF,U,NAN,I,NAN
832,R,NAN,K255,FF,FF:FF:FF,U,NAN,I,NAN
833,R,NAN,K255,FF,FF:FF:FF,U,NAN,I,NAN
834,R,NAN,K255,FF,FF:FF:FF,U,NAN,I,NAN
835,R,NAN,K255,FF,FF:FF:FF,U,NAN,I,NAN
836,R,NAN,K255,FF,FF:FF:FF,U,NAN,I,NAN
837,R,NAN,K255,FF,FF:FF:FF,U,NAN,I,NAN
838,R,NAN,K255,FF,FF:FF:FF,U,NAN,I,NAN
839,R,NAN,K255,FF,FF:FF:FF,U,NAN,I,NAN
840,R,NAN,K255,FF,FF:FF:FF,U,NAN,I,NAN
841,R,NAN,K255,FF,FF:FF:FF,U,NAN,I,NAN
842,R,NAN,K255,FF,FF:FF:FF,U,NAN,I,NAN
843,R,NAN,K255,FF,FF:FF:FF,U,NAN,I,NAN
844,R,NAN,K255,FF,FF:FF:FF,U,NAN,I,NAN
845,R,NAN,K255,FF,FF:FF:FF,U,NAN,I,NAN
846,R,NAN,K255,FF,FF:FF:FF,U,NAN,I,NAN
847,R,NAN,K255,FF,FF:FF:FF,U,NAN,I,NAN
848,R,NAN,K255,FF,FF:FF:FF,U,NAN,I,NAN
849,R,NAN,K255,FF,FF:FF:FF,U,NAN,I,NAN
850,R,NAN,K255,FF,FF:FF:FF,U,NAN,I,NAN
851,R,NAN,K255,FF,FF:FF:FF,U,NAN,I,NAN
852,R,NAN,K255,FF,FF:FF:FF,U,NAN,I,NAN
853,R,NAN,K255,FF,FF:FF:FF,U,NAN,I,NAN
854,R,NAN,K255,FF,FF:FF:FF,U,NAN,I,NAN
855,R,NAN,K255,FF,FF:FF:FF,U,NAN,I,NAN
856,R,NAN,K255,FF,FF:FF:FF,U,NAN,I,NAN
857,R,NAN,K255,FF,FF:FF:FF,U,NAN,I,NAN
858,R,NAN,K255,FF,FF:FF:FF,U,NAN,I,NAN
859,R,NAN,K255,FF,FF:FF:FF,U,NAN,I,NAN
860,R,NAN,K255,FF,FF:FF:FF,U,NAN,I,NAN
861,R,NAN,K255,FF,FF:FF:FF,U,NAN,I,NAN
862,R,NAN,K255,FF,FF:FF:FF,U,NAN,I,NAN
863,R,NAN,K255,FF,FF:FF:FF,U,NAN,I,NAN
864,R,NAN,K255,FF,FF:FF:FF,U,NAN,I,NAN
865,R,NAN,K255,FF,FF:FF:FF,U,NAN,I,NAN
866,R,NAN,K255,FF,FF:FF:FF,U,NAN,I,NAN
867,R,NAN,K255,FF,FF:FF:FF,U,NAN,I,NAN
868,R,NAN,K255,FF,FF:FF:FF,U,NAN,I,NAN
869,R,NAN,K255,FF,FF:FF:FF,U,NAN,I,NAN
870,R,NAN,K255,FF,FF:FF:FF,U,NAN,I,NAN
871,R,NAN,K255,FF,FF:FF:FF,U,NAN,I,NAN
872,R,NAN,K255,FF,FF:FF:FF,U,NAN,I,NAN
873,R,NAN,K255,FF,FF:FF:FF,U,NAN,I,NAN
874,R,NAN,K255,FF,FF:FF:FF,U,NAN,I,NAN
875,R,NAN,K255,FF,FF:FF:FF,U,NAN,I,NAN
876,R,NAN,K255,FF,FF:FF:FF,U,NAN,I,NAN
877,R,NAN,K255,FF,FF:FF:FF,U,NAN,I,NAN
878,R,NAN,K255,FF,FF:FF:FF,U,NAN,I,NAN
879,R,NAN,K255,FF,FF:FF:FF,U,NAN,I,NAN
880,R,NAN,K255,FF,FF:FF:FF,U,NAN,I,NAN
881,R,NAN,K255,FF,FF:FF:FF,U,NAN,I,NAN
882,R,NAN,K255,FF,FF:FF:FF,U,NAN,I,NAN
883,R,NAN,K255,FF,FF:FF:FF,U,NAN,I,NAN
884,R,NAN,K255,FF,FF:FF:FF,U,NAN,I,NAN
885,R,NAN,K255,FF,FF:FF:FF,U,NAN,I,NAN
886,R,NAN,K255,FF,FF:FF:FF,U,NAN,I,NAN
887,R,NAN,K255,FF,FF:FF:FF,U,NAN,I,NAN
888,R,NAN,K255,FF,FF:FF:FF,U,NAN,I,NAN
889,R,NAN,K255,FF,FF:FF:FF,U,NAN,I,NAN
890,R,NAN,K255,FF,FF:FF:FF,U,NAN,I,NAN
891,R,NAN,K255,FF,FF:FF:FF,U,NAN,I,NAN
892,R,NAN,K255,FF,FF:FF:FF,U,NAN,I,NAN
893,R,NAN,K255,FF,FF:FF:FF,U,NAN,I,NAN
894,R,NAN,K255,FF,FF:FF:FF,U,NAN,I,NAN
895,R,NAN,K255,FF,FF:FF:FF,U,NAN,I,NAN
896,R,NAN,K255,FF,FF:FF:FF,U,NAN,I,NAN
897,R,NAN,K255,FF,FF:FF:FF,U,NAN,I,NAN
898,R,NAN,K255,FF,FF:FF:FF,U,NAN,I,NAN
899,R,NAN,K255,FF,FF:FF:FF,U,NAN,I,NAN
